crime_id,Time_Occurred,Area_Name,Crime_Code_Description,Premise_Description,Weapon_Description
1,1800,77th Street,INTIMATE PARTNER - SIMPLE ASSAULT,"MULTI-UNIT DWELLING (APARTMENT, DUPLEX, ETC)","STRONG-ARM (HANDS, FIST, FEET OR BODILY FORCE)"
2,2300,Olympic,VEHICLE - STOLEN,STREET,
3,2030,Southeast,VEHICLE - STOLEN,STREET,
4,1800,Southeast,VEHICLE - STOLEN,STREET,
5,2300,Topanga,VANDALISM - MISDEAMEANOR ($399 OR UNDER),SINGLE FAMILY DWELLING,
6,1400,Central,CRIMINAL HOMICIDE,SINGLE FAMILY DWELLING,"STRONG-ARM (HANDS, FIST, FEET OR BODILY FORCE)"
7,2230,Northeast,VEHICLE - STOLEN,PARKING LOT,
8,1600,Foothill,VEHICLE - STOLEN,STREET,
9,1600,Mission,VEHICLE - STOLEN,STREET,
10,800,Van Nuys,"EMBEZZLEMENT, GRAND THEFT ($950.01 & OVER)",OTHER BUSINESS,
11,2100,Mission,VEHICLE - STOLEN,STREET,
12,1315,Newton,VEHICLE - STOLEN,STREET,
13,1200,77th Street,THEFT PLAIN - PETTY ($950 & UNDER),PARKING LOT,
14,1200,77th Street,STALKING,STREET,
15,2030,N Hollywood,SHOPLIFTING - PETTY THEFT ($950 & UNDER),DEPARTMENT STORE,
16,500,Southeast,INTIMATE PARTNER - SIMPLE ASSAULT,SINGLE FAMILY DWELLING,
17,1420,Central,BATTERY - SIMPLE ASSAULT,SIDEWALK,"STRONG-ARM (HANDS, FIST, FEET OR BODILY FORCE)"
18,1430,Central,INTIMATE PARTNER - SIMPLE ASSAULT,STREET,"STRONG-ARM (HANDS, FIST, FEET OR BODILY FORCE)"
19,1500,Central,BATTERY - SIMPLE ASSAULT,OTHER STORE,"STRONG-ARM (HANDS, FIST, FEET OR BODILY FORCE)"
20,1730,Central,"EMBEZZLEMENT, PETTY THEFT ($950 & UNDER)",DEPARTMENT STORE,
21,100,Central,INTIMATE PARTNER - SIMPLE ASSAULT,NIGHT CLUB (OPEN EVENINGS ONLY),"STRONG-ARM (HANDS, FIST, FEET OR BODILY FORCE)"
22,2200,Central,DOCUMENT FORGERY / STOLEN FELONY,OTHER BUSINESS,
23,1600,Central,INTIMATE PARTNER - SIMPLE ASSAULT,SIDEWALK,"STRONG-ARM (HANDS, FIST, FEET OR BODILY FORCE)"
24,2010,Central,BATTERY - SIMPLE ASSAULT,STREET,"STRONG-ARM (HANDS, FIST, FEET OR BODILY FORCE)"
25,2315,Central,BATTERY - SIMPLE ASSAULT,"MULTI-UNIT DWELLING (APARTMENT, DUPLEX, ETC)","STRONG-ARM (HANDS, FIST, FEET OR BODILY FORCE)"
26,1120,Central,INTIMATE PARTNER - SIMPLE ASSAULT,HOSPITAL,"STRONG-ARM (HANDS, FIST, FEET OR BODILY FORCE)"
27,1230,West Valley,VEHICLE - STOLEN,STREET,
28,1630,Central,BIKE - STOLEN,POST OFFICE,
29,1815,Central,ROBBERY,STREET,"STRONG-ARM (HANDS, FIST, FEET OR BODILY FORCE)"
30,1930,Central,INTIMATE PARTNER - SIMPLE ASSAULT,"MULTI-UNIT DWELLING (APARTMENT, DUPLEX, ETC)","STRONG-ARM (HANDS, FIST, FEET OR BODILY FORCE)"
31,300,Central,SODOMY/SEXUAL CONTACT B/W PENIS OF ONE PERS TO ANUS OTH 0007=02,SIDEWALK,"STRONG-ARM (HANDS, FIST, FEET OR BODILY FORCE)"
32,140,Central,INTIMATE PARTNER - SIMPLE ASSAULT,STREET,
33,140,Central,INTIMATE PARTNER - SIMPLE ASSAULT,STREET,
34,1225,Central,ATTEMPTED ROBBERY,SIDEWALK,"STRONG-ARM (HANDS, FIST, FEET OR BODILY FORCE)"
35,1340,Central,INTIMATE PARTNER - SIMPLE ASSAULT,"MULTI-UNIT DWELLING (APARTMENT, DUPLEX, ETC)","STRONG-ARM (HANDS, FIST, FEET OR BODILY FORCE)"
36,1900,Central,VANDALISM - MISDEAMEANOR ($399 OR UNDER),"VEHICLE, PASSENGER/TRUCK",
37,2110,Central,RESISTING ARREST,SIDEWALK,"STRONG-ARM (HANDS, FIST, FEET OR BODILY FORCE)"
38,1800,Central,TRESPASSING,"MULTI-UNIT DWELLING (APARTMENT, DUPLEX, ETC)",
39,2200,Central,"THEFT-GRAND ($950.01 & OVER)EXCPT,GUNS,FOWL,LIVESTK,PROD0036",MARKET,
40,1430,Central,ROBBERY,JEWELRY STORE,"STRONG-ARM (HANDS, FIST, FEET OR BODILY FORCE)"
41,1200,Foothill,VEHICLE - STOLEN,STREET,
42,1700,Central,COUNTERFEIT,SIDEWALK,
43,1800,Northeast,VEHICLE - STOLEN,STREET,
44,1855,Central,BATTERY - SIMPLE ASSAULT,SIDEWALK,"STRONG-ARM (HANDS, FIST, FEET OR BODILY FORCE)"
45,1055,Central,"ASSAULT WITH DEADLY WEAPON, AGGRAVATED ASSAULT",STREET,UNKNOWN WEAPON/OTHER WEAPON
46,2105,Central,THROWING OBJECT AT MOVING VEHICLE,STREET,
47,2015,Central,"ASSAULT WITH DEADLY WEAPON, AGGRAVATED ASSAULT",OTHER BUSINESS,UNKNOWN WEAPON/OTHER WEAPON
48,300,Central,"DEFRAUDING INNKEEPER/THEFT OF SERVICES, $400 & UNDER",RESTAURANT/FAST FOOD,
49,1530,Central,CRIMINAL THREATS - NO WEAPON DISPLAYED,SIDEWALK,OTHER KNIFE
50,2305,Central,ROBBERY,PARKING LOT,"STRONG-ARM (HANDS, FIST, FEET OR BODILY FORCE)"
51,1835,Central,ROBBERY,OTHER BUSINESS,"STRONG-ARM (HANDS, FIST, FEET OR BODILY FORCE)"
52,845,Central,ROBBERY,OTHER STORE,"STRONG-ARM (HANDS, FIST, FEET OR BODILY FORCE)"
53,2150,Central,"VANDALISM - FELONY ($400 & OVER, ALL CHURCH VANDALISMS) 0114","VEHICLE, PASSENGER/TRUCK",
54,1545,Central,BURGLARY FROM VEHICLE,STREET,
55,2115,Central,"ASSAULT WITH DEADLY WEAPON, AGGRAVATED ASSAULT",STREET,BOTTLE
56,2030,Central,INTIMATE PARTNER - SIMPLE ASSAULT,"MULTI-UNIT DWELLING (APARTMENT, DUPLEX, ETC)","STRONG-ARM (HANDS, FIST, FEET OR BODILY FORCE)"
57,1700,Central,"ASSAULT WITH DEADLY WEAPON, AGGRAVATED ASSAULT",SIDEWALK,UNKNOWN WEAPON/OTHER WEAPON
58,330,Central,BATTERY - SIMPLE ASSAULT,OTHER PREMISE,"STRONG-ARM (HANDS, FIST, FEET OR BODILY FORCE)"
59,1700,Central,BATTERY - SIMPLE ASSAULT,STREET,"STRONG-ARM (HANDS, FIST, FEET OR BODILY FORCE)"
60,1430,Central,ROBBERY,OTHER BUSINESS,"STRONG-ARM (HANDS, FIST, FEET OR BODILY FORCE)"
61,1930,Central,"THEFT-GRAND ($950.01 & OVER)EXCPT,GUNS,FOWL,LIVESTK,PROD0036",SIDEWALK,"STRONG-ARM (HANDS, FIST, FEET OR BODILY FORCE)"
62,115,Central,ROBBERY,SIDEWALK,"STRONG-ARM (HANDS, FIST, FEET OR BODILY FORCE)"
63,2320,Central,BATTERY - SIMPLE ASSAULT,THEATRE/MOVIE,"STRONG-ARM (HANDS, FIST, FEET OR BODILY FORCE)"
64,1500,Central,THEFT PLAIN - PETTY ($950 & UNDER),OTHER RESIDENCE,
65,2100,Central,BATTERY WITH SEXUAL CONTACT,"MULTI-UNIT DWELLING (APARTMENT, DUPLEX, ETC)","STRONG-ARM (HANDS, FIST, FEET OR BODILY FORCE)"
66,1900,Central,INTIMATE PARTNER - SIMPLE ASSAULT,STREET,
67,2140,Central,ATTEMPTED ROBBERY,STREET,VERBAL THREAT
68,1520,Central,"ASSAULT WITH DEADLY WEAPON, AGGRAVATED ASSAULT",PROJECT/TENEMENT/PUBLIC HOUSING,OTHER KNIFE
69,2140,Central,"VANDALISM - FELONY ($400 & OVER, ALL CHURCH VANDALISMS) 0114","MULTI-UNIT DWELLING (APARTMENT, DUPLEX, ETC)",
70,25,Central,INTIMATE PARTNER - SIMPLE ASSAULT,SIDEWALK,"STRONG-ARM (HANDS, FIST, FEET OR BODILY FORCE)"
71,1520,Central,BATTERY - SIMPLE ASSAULT,PROJECT/TENEMENT/PUBLIC HOUSING,OTHER KNIFE
72,1700,Central,BATTERY - SIMPLE ASSAULT,"MULTI-UNIT DWELLING (APARTMENT, DUPLEX, ETC)","STRONG-ARM (HANDS, FIST, FEET OR BODILY FORCE)"
73,440,Central,INTIMATE PARTNER - SIMPLE ASSAULT,"MULTI-UNIT DWELLING (APARTMENT, DUPLEX, ETC)",
74,1600,Central,THEFT PLAIN - PETTY ($950 & UNDER),OTHER STORE,
75,1615,Central,"ASSAULT WITH DEADLY WEAPON, AGGRAVATED ASSAULT",SIDEWALK,CLEAVER
76,2245,Central,"DEFRAUDING INNKEEPER/THEFT OF SERVICES, $400 & UNDER",RESTAURANT/FAST FOOD,
77,2015,Central,OTHER MISCELLANEOUS CRIME,"VEHICLE, PASSENGER/TRUCK","STRONG-ARM (HANDS, FIST, FEET OR BODILY FORCE)"
78,510,Central,"ASSAULT WITH DEADLY WEAPON, AGGRAVATED ASSAULT",SIDEWALK,UNKNOWN WEAPON/OTHER WEAPON
79,2015,Central,OTHER MISCELLANEOUS CRIME,"VEHICLE, PASSENGER/TRUCK","STRONG-ARM (HANDS, FIST, FEET OR BODILY FORCE)"
80,1845,Central,"ASSAULT WITH DEADLY WEAPON, AGGRAVATED ASSAULT",RESTAURANT/FAST FOOD,UNKNOWN WEAPON/OTHER WEAPON
81,1830,Central,BATTERY - SIMPLE ASSAULT,RESTAURANT/FAST FOOD,"STRONG-ARM (HANDS, FIST, FEET OR BODILY FORCE)"
82,1830,Central,BATTERY - SIMPLE ASSAULT,RESTAURANT/FAST FOOD,"STRONG-ARM (HANDS, FIST, FEET OR BODILY FORCE)"
83,1130,Central,ROBBERY,STREET,FOLDING KNIFE
84,50,Central,OTHER MISCELLANEOUS CRIME,OTHER PREMISE,"STRONG-ARM (HANDS, FIST, FEET OR BODILY FORCE)"
85,1930,Central,TRESPASSING,OTHER BUSINESS,
86,2020,Central,BATTERY - SIMPLE ASSAULT,SIDEWALK,"STRONG-ARM (HANDS, FIST, FEET OR BODILY FORCE)"
87,2020,Central,BATTERY - SIMPLE ASSAULT,SIDEWALK,"STRONG-ARM (HANDS, FIST, FEET OR BODILY FORCE)"
88,430,Central,VANDALISM - MISDEAMEANOR ($399 OR UNDER),STREET,
89,2310,Central,BATTERY - SIMPLE ASSAULT,BAR/COCKTAIL/NIGHTCLUB,"STRONG-ARM (HANDS, FIST, FEET OR BODILY FORCE)"
90,1530,Central,BATTERY - SIMPLE ASSAULT,SIDEWALK,"STRONG-ARM (HANDS, FIST, FEET OR BODILY FORCE)"
91,1820,Central,BURGLARY,OTHER BUSINESS,
92,15,Central,INTIMATE PARTNER - SIMPLE ASSAULT,"MULTI-UNIT DWELLING (APARTMENT, DUPLEX, ETC)",
93,2000,77th Street,VEHICLE - STOLEN,STREET,
94,2200,Northeast,VEHICLE - STOLEN,STREET,
95,1400,Central,SHOPLIFTING-GRAND THEFT ($950.01 & OVER),DEPARTMENT STORE,
96,1600,Northeast,BURGLARY FROM VEHICLE,STREET,
97,2100,Northeast,VEHICLE - STOLEN,STREET,
98,1530,77th Street,VEHICLE - STOLEN,STREET,
99,2200,77th Street,VEHICLE - STOLEN,STREET,
100,2000,77th Street,VEHICLE - STOLEN,STREET,
101,2230,77th Street,VEHICLE - STOLEN,STREET,
102,2305,Newton,VEHICLE - STOLEN,STREET,
103,1000,Newton,VEHICLE - STOLEN,STREET,
104,257,Central,BURGLARY,MEDICAL/DENTAL OFFICES,
105,2230,Newton,VEHICLE - STOLEN,STREET,
106,1700,Newton,VEHICLE - STOLEN,STREET,
107,1500,Central,CHILD ABUSE (PHYSICAL) - SIMPLE ASSAULT,SINGLE FAMILY DWELLING,BELT FLAILING INSTRUMENT/CHAIN
108,2315,Central,TRESPASSING,OTHER BUSINESS,
109,1300,Newton,VEHICLE - STOLEN,STREET,
110,1530,Newton,INDECENT EXPOSURE,SIDEWALK,
111,1430,Newton,VEHICLE - STOLEN,PARKING LOT,
112,2000,Newton,VEHICLE - STOLEN,STREET,
113,2200,Newton,VEHICLE - STOLEN,PARKING LOT,
114,1630,Central,CHILD NEGLECT (SEE 300 W.I.C.),SINGLE FAMILY DWELLING,
115,1200,Newton,VEHICLE - STOLEN,STREET,
116,1810,Central,VANDALISM - MISDEAMEANOR ($399 OR UNDER),OTHER STORE,
117,300,Central,BATTERY - SIMPLE ASSAULT,HOSPITAL,"STRONG-ARM (HANDS, FIST, FEET OR BODILY FORCE)"
118,1615,Newton,VEHICLE - STOLEN,STREET,
119,1150,Newton,VEHICLE - STOLEN,STREET,
120,2200,Newton,VEHICLE - STOLEN,STREET,
121,2000,Newton,VEHICLE - STOLEN,STREET,
122,1200,Newton,VEHICLE - STOLEN,STREET,
123,1220,Pacific,OTHER ASSAULT,STREET,
124,1200,Pacific,VEHICLE - STOLEN,VACANT LOT,
125,1730,Pacific,VEHICLE - STOLEN,STREET,
126,1030,Pacific,BURGLARY FROM VEHICLE,STREET,
127,2240,Pacific,VEHICLE - STOLEN,STREET,
128,2300,N Hollywood,BURGLARY FROM VEHICLE,STREET,
129,2210,N Hollywood,OTHER MISCELLANEOUS CRIME,STREET,
130,1705,Central,CRIMINAL THREATS - NO WEAPON DISPLAYED,OTHER BUSINESS,VERBAL THREAT
131,1930,N Hollywood,VEHICLE - STOLEN,STREET,
132,1930,Foothill,VEHICLE - STOLEN,STREET,
133,1830,Foothill,VEHICLE - STOLEN,STREET,
134,1615,Foothill,VEHICLE - STOLEN,STREET,
135,1030,Foothill,VEHICLE - STOLEN,STREET,
136,2015,Central,"ASSAULT WITH DEADLY WEAPON, AGGRAVATED ASSAULT",SIDEWALK,UNKNOWN WEAPON/OTHER WEAPON
137,1305,Central,THEFT PLAIN - PETTY ($950 & UNDER),MARKET,
138,1700,77th Street,VEHICLE - STOLEN,STREET,
139,2340,Northeast,VEHICLE - STOLEN,STREET,
140,1640,Central,BATTERY - SIMPLE ASSAULT,SIDEWALK,"STRONG-ARM (HANDS, FIST, FEET OR BODILY FORCE)"
141,2045,Newton,VEHICLE - STOLEN,STREET,
142,1430,Central,BATTERY - SIMPLE ASSAULT,OTHER STORE,"STRONG-ARM (HANDS, FIST, FEET OR BODILY FORCE)"
143,115,Central,"ASSAULT WITH DEADLY WEAPON, AGGRAVATED ASSAULT","MULTI-UNIT DWELLING (APARTMENT, DUPLEX, ETC)",KNIFE WITH BLADE 6INCHES OR LESS
144,1445,Central,SHOPLIFTING - PETTY THEFT ($950 & UNDER),DEPARTMENT STORE,
145,1950,Central,ROBBERY,STREET,"STRONG-ARM (HANDS, FIST, FEET OR BODILY FORCE)"
146,1845,Central,BURGLARY FROM VEHICLE,STREET,
147,1415,Topanga,VEHICLE - STOLEN,STREET,
148,1830,Devonshire,BURGLARY FROM VEHICLE,STREET,
149,1700,Devonshire,VEHICLE - STOLEN,DRIVEWAY,
150,1800,Devonshire,VEHICLE - STOLEN,STREET,
151,1100,Southeast,VEHICLE - STOLEN,STREET,
152,2200,Mission,VEHICLE - STOLEN,STREET,
153,1800,Mission,VEHICLE - STOLEN,STREET,
154,2130,Central,"VANDALISM - FELONY ($400 & OVER, ALL CHURCH VANDALISMS) 0114",POLICE FACILITY,
155,1100,Southeast,VEHICLE - STOLEN,STREET,
156,1200,Southeast,VEHICLE - STOLEN,PARKING LOT,
157,915,Central,BATTERY - SIMPLE ASSAULT,OTHER PREMISE,"STRONG-ARM (HANDS, FIST, FEET OR BODILY FORCE)"
158,1625,Central,TRESPASSING,"MULTI-UNIT DWELLING (APARTMENT, DUPLEX, ETC)",
159,2000,Southeast,VEHICLE - STOLEN,STREET,
160,2000,Southeast,VEHICLE - STOLEN,STREET,
161,2010,Central,BATTERY - SIMPLE ASSAULT,SIDEWALK,"STRONG-ARM (HANDS, FIST, FEET OR BODILY FORCE)"
162,1600,Central,SHOPLIFTING - PETTY THEFT ($950 & UNDER),DEPARTMENT STORE,
163,2000,Mission,VEHICLE - STOLEN,STREET,
164,1900,Mission,VEHICLE - STOLEN,STREET,
165,1630,Mission,VEHICLE - STOLEN,STREET,
166,2230,Mission,VEHICLE - STOLEN,STREET,
167,1225,Olympic,VEHICLE - STOLEN,STREET,
168,1330,Olympic,VEHICLE - STOLEN,PARKING LOT,
169,1130,Olympic,VEHICLE - STOLEN,STREET,
170,2100,Olympic,VEHICLE - STOLEN,STREET,
171,930,Central,OTHER MISCELLANEOUS CRIME,SIDEWALK,
172,2230,Central,TRESPASSING,PARKING LOT,
173,1900,Central,INTIMATE PARTNER - SIMPLE ASSAULT,FREEWAY,"STRONG-ARM (HANDS, FIST, FEET OR BODILY FORCE)"
174,1230,Central,BURGLARY,"MULTI-UNIT DWELLING (APARTMENT, DUPLEX, ETC)",
175,2315,Central,VANDALISM - MISDEAMEANOR ($399 OR UNDER),OTHER BUSINESS,
176,1620,Central,OTHER MISCELLANEOUS CRIME,OTHER BUSINESS,
177,2345,Central,BATTERY - SIMPLE ASSAULT,HOTEL,"STRONG-ARM (HANDS, FIST, FEET OR BODILY FORCE)"
178,1905,Central,"THEFT, PERSON",SIDEWALK,"STRONG-ARM (HANDS, FIST, FEET OR BODILY FORCE)"
179,2130,Central,INTIMATE PARTNER - SIMPLE ASSAULT,"MULTI-UNIT DWELLING (APARTMENT, DUPLEX, ETC)",BLUNT INSTRUMENT
180,2335,Central,ROBBERY,SIDEWALK,PHYSICAL PRESENCE
181,740,Central,BURGLARY,OTHER PREMISE,
182,1930,Central,BURGLARY,DEPARTMENT STORE,
183,2025,Topanga,VEHICLE - STOLEN,STREET,
184,140,Central,INTIMATE PARTNER - SIMPLE ASSAULT,"MULTI-UNIT DWELLING (APARTMENT, DUPLEX, ETC)","STRONG-ARM (HANDS, FIST, FEET OR BODILY FORCE)"
185,1825,Central,THEFT PLAIN - PETTY ($950 & UNDER),CLOTHING STORE,
186,400,Central,BATTERY - SIMPLE ASSAULT,STREET,"STRONG-ARM (HANDS, FIST, FEET OR BODILY FORCE)"
187,20,Central,BATTERY - SIMPLE ASSAULT,HOTEL,"STRONG-ARM (HANDS, FIST, FEET OR BODILY FORCE)"
188,245,Central,INTIMATE PARTNER - SIMPLE ASSAULT,SINGLE FAMILY DWELLING,"STRONG-ARM (HANDS, FIST, FEET OR BODILY FORCE)"
189,2115,Central,BOMB SCARE,OTHER RESIDENCE,BOMB THREAT
190,100,Central,INTIMATE PARTNER - SIMPLE ASSAULT,STREET,
191,2005,Central,BATTERY - SIMPLE ASSAULT,STREET,"STRONG-ARM (HANDS, FIST, FEET OR BODILY FORCE)"
192,1945,Central,SHOPLIFTING - PETTY THEFT ($950 & UNDER),DEPARTMENT STORE,
193,2105,Central,EXTORTION,OTHER BUSINESS,
194,1830,Central,ROBBERY,STREET,SCREWDRIVER
195,100,Central,TRESPASSING,DRUG STORE,
196,1300,Central,"THEFT-GRAND ($950.01 & OVER)EXCPT,GUNS,FOWL,LIVESTK,PROD0036",JEWELRY STORE,
197,2000,77th Street,VEHICLE - STOLEN,STREET,
198,1015,Central,BATTERY - SIMPLE ASSAULT,STREET,MACE/PEPPER SPRAY
199,1435,Central,ROBBERY,STREET,"STRONG-ARM (HANDS, FIST, FEET OR BODILY FORCE)"
200,1040,Central,VANDALISM - MISDEAMEANOR ($399 OR UNDER),STREET,
201,1800,Central,BURGLARY,RESTAURANT/FAST FOOD,
202,2240,Central,VANDALISM - MISDEAMEANOR ($399 OR UNDER),SIDEWALK,
203,2220,Central,"ASSAULT WITH DEADLY WEAPON, AGGRAVATED ASSAULT",SIDEWALK,"STRONG-ARM (HANDS, FIST, FEET OR BODILY FORCE)"
204,1950,Central,INTIMATE PARTNER - SIMPLE ASSAULT,PARKING LOT,"STRONG-ARM (HANDS, FIST, FEET OR BODILY FORCE)"
205,2200,Newton,"EMBEZZLEMENT, GRAND THEFT ($950.01 & OVER)",OTHER BUSINESS,
206,1455,Central,"ASSAULT WITH DEADLY WEAPON, AGGRAVATED ASSAULT",PARK/PLAYGROUND,"STRONG-ARM (HANDS, FIST, FEET OR BODILY FORCE)"
207,1700,Central,BATTERY - SIMPLE ASSAULT,SIDEWALK,"STRONG-ARM (HANDS, FIST, FEET OR BODILY FORCE)"
208,1825,Central,VANDALISM - MISDEAMEANOR ($399 OR UNDER),STREET,
209,2100,Central,ROBBERY,STREET,"STRONG-ARM (HANDS, FIST, FEET OR BODILY FORCE)"
210,2200,Central,BURGLARY FROM VEHICLE,PARKING LOT,
211,1725,Central,BURGLARY FROM VEHICLE,PARKING LOT,
212,415,Central,BURGLARY FROM VEHICLE,"VEHICLE, PASSENGER/TRUCK",
213,1730,Central,BURGLARY FROM VEHICLE,PARKING LOT,
214,105,Central,BATTERY - SIMPLE ASSAULT,HOTEL,"STRONG-ARM (HANDS, FIST, FEET OR BODILY FORCE)"
215,2220,Central,"VANDALISM - FELONY ($400 & OVER, ALL CHURCH VANDALISMS) 0114","VEHICLE, PASSENGER/TRUCK",
216,200,Central,"RAPE, FORCIBLE",STREET,"STRONG-ARM (HANDS, FIST, FEET OR BODILY FORCE)"
217,230,Central,"VANDALISM - FELONY ($400 & OVER, ALL CHURCH VANDALISMS) 0114",OTHER RESIDENCE,
218,1400,Central,THEFT PLAIN - PETTY ($950 & UNDER),CELL PHONE STORE,
219,1610,Central,ROBBERY,SIDEWALK,OTHER KNIFE
220,1100,Central,BURGLARY FROM VEHICLE,PARKING LOT,
221,1555,Central,"ASSAULT WITH DEADLY WEAPON, AGGRAVATED ASSAULT",SIDEWALK,KNIFE WITH BLADE 6INCHES OR LESS
222,1910,Central,"ASSAULT WITH DEADLY WEAPON, AGGRAVATED ASSAULT",SIDEWALK,UNKNOWN WEAPON/OTHER WEAPON
223,1730,Central,"ASSAULT WITH DEADLY WEAPON, AGGRAVATED ASSAULT",SIDEWALK,ROPE/LIGATURE
224,1030,Central,OTHER MISCELLANEOUS CRIME,POLICE FACILITY,
225,1230,Central,INTIMATE PARTNER - SIMPLE ASSAULT,OTHER BUSINESS,"STRONG-ARM (HANDS, FIST, FEET OR BODILY FORCE)"
226,1620,Central,BATTERY - SIMPLE ASSAULT,SIDEWALK,"STRONG-ARM (HANDS, FIST, FEET OR BODILY FORCE)"
227,1730,Central,VANDALISM - MISDEAMEANOR ($399 OR UNDER),STREET,
228,1845,Central,INTIMATE PARTNER - SIMPLE ASSAULT,SIDEWALK,UNKNOWN WEAPON/OTHER WEAPON
229,2000,Newton,VEHICLE - STOLEN,STREET,
230,1545,Central,ROBBERY,SIDEWALK,KITCHEN KNIFE
231,2000,Central,INTIMATE PARTNER - SIMPLE ASSAULT,STREET,"STRONG-ARM (HANDS, FIST, FEET OR BODILY FORCE)"
232,2245,Central,THEFT PLAIN - ATTEMPT,HEALTH SPA/GYM,
233,30,Central,BATTERY - SIMPLE ASSAULT,OTHER BUSINESS,"STRONG-ARM (HANDS, FIST, FEET OR BODILY FORCE)"
234,1830,Central,THEFT PLAIN - PETTY ($950 & UNDER),DRUG STORE,
235,1950,Central,THEFT PLAIN - PETTY ($950 & UNDER),RESTAURANT/FAST FOOD,
236,2355,Central,OTHER MISCELLANEOUS CRIME,SIDEWALK,
237,1945,Central,CRIMINAL THREATS - NO WEAPON DISPLAYED,"MULTI-UNIT DWELLING (APARTMENT, DUPLEX, ETC)",UNKNOWN WEAPON/OTHER WEAPON
238,1510,Central,SHOPLIFTING - PETTY THEFT ($950 & UNDER),DEPARTMENT STORE,
239,1845,Central,BATTERY - SIMPLE ASSAULT,PARK/PLAYGROUND,"STRONG-ARM (HANDS, FIST, FEET OR BODILY FORCE)"
240,1845,Central,BATTERY - SIMPLE ASSAULT,PARK/PLAYGROUND,"STRONG-ARM (HANDS, FIST, FEET OR BODILY FORCE)"
241,2130,Central,THEFT FROM MOTOR VEHICLE - GRAND ($400 AND OVER),PARKING LOT,
242,115,Central,BATTERY - SIMPLE ASSAULT,THEATRE/MOVIE,"STRONG-ARM (HANDS, FIST, FEET OR BODILY FORCE)"
243,1300,Central,BATTERY - SIMPLE ASSAULT,SIDEWALK,"STRONG-ARM (HANDS, FIST, FEET OR BODILY FORCE)"
244,1200,Newton,VEHICLE - STOLEN,STREET,
245,1,Central,ROBBERY,SIDEWALK,"STRONG-ARM (HANDS, FIST, FEET OR BODILY FORCE)"
246,135,Central,ROBBERY,SIDEWALK,REVOLVER
247,1815,Central,DOCUMENT FORGERY / STOLEN FELONY,SIDEWALK,
248,2210,Central,INTIMATE PARTNER - SIMPLE ASSAULT,PARK/PLAYGROUND,UNKNOWN WEAPON/OTHER WEAPON
249,1930,Northeast,VEHICLE - STOLEN,STREET,
250,2300,Central,BURGLARY FROM VEHICLE,STREET,
251,1450,Pacific,VEHICLE - STOLEN,STREET,
252,1850,Central,BATTERY - SIMPLE ASSAULT,OTHER/OUTSIDE,"STRONG-ARM (HANDS, FIST, FEET OR BODILY FORCE)"
253,1315,Central,DOCUMENT FORGERY / STOLEN FELONY,DEPARTMENT STORE,
254,1200,Central,DOCUMENT FORGERY / STOLEN FELONY,DEPARTMENT STORE,
255,1420,Central,TRESPASSING,OTHER BUSINESS,
256,2230,Central,THEFT PLAIN - PETTY ($950 & UNDER),DEPARTMENT STORE,
257,1440,Central,"ASSAULT WITH DEADLY WEAPON, AGGRAVATED ASSAULT","MULTI-UNIT DWELLING (APARTMENT, DUPLEX, ETC)",UNKNOWN WEAPON/OTHER WEAPON
258,1440,Central,"THEFT-GRAND ($950.01 & OVER)EXCPT,GUNS,FOWL,LIVESTK,PROD0036",DEPARTMENT STORE,
259,2215,Central,INTIMATE PARTNER - AGGRAVATED ASSAULT,SIDEWALK,OTHER KNIFE
260,1130,Central,VANDALISM - MISDEAMEANOR ($399 OR UNDER),OTHER BUSINESS,
261,2200,Central,INTIMATE PARTNER - SIMPLE ASSAULT,SINGLE FAMILY DWELLING,
262,2255,Central,BURGLARY,OTHER BUSINESS,
263,1110,Central,"THEFT-GRAND ($950.01 & OVER)EXCPT,GUNS,FOWL,LIVESTK,PROD0036",OTHER STORE,
264,1450,West Valley,DISTURBING THE PEACE,STREET,
265,1400,Northeast,VEHICLE - STOLEN,STREET,
266,2100,Northeast,VEHICLE - STOLEN,STREET,
267,1845,Northeast,VEHICLE - STOLEN,STREET,
268,2030,77th Street,VEHICLE - STOLEN,STREET,
269,1610,Central,TRESPASSING,"MULTI-UNIT DWELLING (APARTMENT, DUPLEX, ETC)",
270,1900,77th Street,VEHICLE - STOLEN,STREET,
271,1145,77th Street,VEHICLE - STOLEN,PARKING LOT,
272,2000,Newton,VEHICLE - STOLEN,STREET,
273,2330,Newton,VEHICLE - STOLEN,STREET,
274,1620,Foothill,VEHICLE - STOLEN,STREET,
275,2320,Central,BATTERY - SIMPLE ASSAULT,SIDEWALK,MACE/PEPPER SPRAY
276,430,Central,"VANDALISM - FELONY ($400 & OVER, ALL CHURCH VANDALISMS) 0114",CLOTHING STORE,
277,2100,N Hollywood,VEHICLE - STOLEN,STREET,
278,1800,N Hollywood,VEHICLE - STOLEN,OTHER PREMISE,
279,1500,N Hollywood,VEHICLE - STOLEN,STREET,
280,2100,Foothill,VEHICLE - STOLEN,STREET,
281,1630,N Hollywood,VEHICLE - STOLEN,DRIVEWAY,
282,1700,Central,"ASSAULT WITH DEADLY WEAPON, AGGRAVATED ASSAULT",SIDEWALK,"STRONG-ARM (HANDS, FIST, FEET OR BODILY FORCE)"
283,1845,Devonshire,VEHICLE - STOLEN,PARKING LOT,
284,1200,Central,"ASSAULT WITH DEADLY WEAPON, AGGRAVATED ASSAULT","MULTI-UNIT DWELLING (APARTMENT, DUPLEX, ETC)","STRONG-ARM (HANDS, FIST, FEET OR BODILY FORCE)"
285,2100,N Hollywood,BURGLARY FROM VEHICLE,STREET,
286,1800,Devonshire,VEHICLE - STOLEN,STREET,
287,2230,N Hollywood,VEHICLE - STOLEN,STREET,
288,1715,N Hollywood,BURGLARY,HARDWARE/BUILDING SUPPLY,
289,1530,Southeast,VEHICLE - STOLEN,STREET,
290,1400,Foothill,VEHICLE - STOLEN,STREET,
291,1730,Foothill,VEHICLE - STOLEN,STREET,
292,2100,Foothill,VEHICLE - STOLEN,STREET,
293,2000,Foothill,VEHICLE - STOLEN,STREET,
294,1130,Foothill,VEHICLE - STOLEN,PARKING LOT,
295,1500,Foothill,VEHICLE - STOLEN,STREET,
296,2000,Foothill,VEHICLE - STOLEN,STREET,
297,1700,Foothill,VEHICLE - STOLEN,PARKING LOT,
298,1130,Foothill,VEHICLE - STOLEN,STREET,
299,1700,Foothill,VEHICLE - STOLEN,STREET,
300,1110,Central,INTIMATE PARTNER - SIMPLE ASSAULT,"MULTI-UNIT DWELLING (APARTMENT, DUPLEX, ETC)","STRONG-ARM (HANDS, FIST, FEET OR BODILY FORCE)"
301,1820,Devonshire,VEHICLE - STOLEN,STREET,
302,2100,Foothill,VEHICLE - STOLEN,STREET,
303,1400,Foothill,VEHICLE - STOLEN,STREET,
304,2200,Foothill,BURGLARY FROM VEHICLE,STREET,
305,2200,Foothill,VEHICLE - STOLEN,STREET,
306,1500,Foothill,CHILD ANNOYING (17YRS & UNDER),STREET,
307,1110,Central,VANDALISM - MISDEAMEANOR ($399 OR UNDER),"VEHICLE, PASSENGER/TRUCK",
308,1605,Central,OTHER MISCELLANEOUS CRIME,STREET,
309,2200,Devonshire,VEHICLE - STOLEN,STREET,
310,2220,Central,"ASSAULT WITH DEADLY WEAPON, AGGRAVATED ASSAULT",STREET,KNIFE WITH BLADE OVER 6 INCHES IN LENGTH
311,1200,Devonshire,VEHICLE - STOLEN,STREET,
312,2100,Devonshire,VEHICLE - STOLEN,STREET,
313,2300,Southeast,VEHICLE - STOLEN,STREET,
314,1940,Central,ROBBERY,CLOTHING STORE,"STRONG-ARM (HANDS, FIST, FEET OR BODILY FORCE)"
315,1200,Devonshire,VEHICLE - STOLEN,STREET,
316,1400,Southeast,VEHICLE - STOLEN,STREET,
317,1800,Devonshire,VEHICLE - STOLEN,ALLEY,
318,2000,Southeast,VEHICLE - STOLEN,STREET,
319,1600,Devonshire,VEHICLE - STOLEN,STREET,
320,845,Central,INTIMATE PARTNER - SIMPLE ASSAULT,"MULTI-UNIT DWELLING (APARTMENT, DUPLEX, ETC)",
321,1030,Devonshire,THEFT PLAIN - PETTY ($950 & UNDER),STREET,
322,1200,Devonshire,BURGLARY FROM VEHICLE,STREET,
323,1500,Devonshire,VEHICLE - STOLEN,PARKING LOT,
324,1400,Devonshire,BURGLARY,OTHER STORE,
325,2000,Devonshire,BURGLARY FROM VEHICLE,STREET,
326,1800,Devonshire,VEHICLE - STOLEN,STREET,
327,1915,Central,BATTERY - SIMPLE ASSAULT,STREET,BLUNT INSTRUMENT
328,2330,Devonshire,VEHICLE - STOLEN,STREET,
329,1920,Devonshire,VEHICLE - STOLEN,PARKING LOT,
330,2245,Devonshire,VANDALISM - MISDEAMEANOR ($399 OR UNDER),DRIVEWAY,
331,1115,Devonshire,BURGLARY,SINGLE FAMILY DWELLING,
332,2200,Southeast,VEHICLE - STOLEN,STREET,
333,110,Central,BATTERY - SIMPLE ASSAULT,PARKING LOT,"STRONG-ARM (HANDS, FIST, FEET OR BODILY FORCE)"
334,110,Central,BATTERY - SIMPLE ASSAULT,PARKING LOT,"STRONG-ARM (HANDS, FIST, FEET OR BODILY FORCE)"
335,1400,Southeast,VEHICLE - STOLEN,STREET,
336,2030,Mission,VEHICLE - STOLEN,STREET,
337,245,Central,BATTERY - SIMPLE ASSAULT,PARKING LOT,"STRONG-ARM (HANDS, FIST, FEET OR BODILY FORCE)"
338,250,Central,THROWING OBJECT AT MOVING VEHICLE,PARKING LOT,ROCK/THROWN OBJECT
339,1845,Central,RESISTING ARREST,STREET,
340,435,Central,CRIMINAL HOMICIDE,SIDEWALK,"STRONG-ARM (HANDS, FIST, FEET OR BODILY FORCE)"
341,300,Central,SHOTS FIRED AT INHABITED DWELLING,OTHER BUSINESS,HAND GUN
342,1340,Central,RESISTING ARREST,STREET,
343,2240,Central,BATTERY - SIMPLE ASSAULT,STREET,"STRONG-ARM (HANDS, FIST, FEET OR BODILY FORCE)"
344,835,Central,"VANDALISM - FELONY ($400 & OVER, ALL CHURCH VANDALISMS) 0114",OTHER BUSINESS,
345,2000,77th Street,VEHICLE - STOLEN,STREET,
346,1100,Olympic,VEHICLE - STOLEN,STREET,
347,2215,Central,INTIMATE PARTNER - SIMPLE ASSAULT,"MULTI-UNIT DWELLING (APARTMENT, DUPLEX, ETC)",
348,1300,Central,BATTERY - SIMPLE ASSAULT,CLOTHING STORE,"STRONG-ARM (HANDS, FIST, FEET OR BODILY FORCE)"
349,2015,Central,VANDALISM - MISDEAMEANOR ($399 OR UNDER),POLICE FACILITY,
350,2025,Central,OTHER MISCELLANEOUS CRIME,STREET,
351,2155,Central,"DEFRAUDING INNKEEPER/THEFT OF SERVICES, $400 & UNDER",RESTAURANT/FAST FOOD,
352,130,Central,BURGLARY FROM VEHICLE,PARKING LOT,"STRONG-ARM (HANDS, FIST, FEET OR BODILY FORCE)"
353,200,Central,"ASSAULT WITH DEADLY WEAPON, AGGRAVATED ASSAULT","MULTI-UNIT DWELLING (APARTMENT, DUPLEX, ETC)",UNKNOWN WEAPON/OTHER WEAPON
354,450,Central,ROBBERY,SIDEWALK,RAZOR BLADE
355,1145,Central,"THEFT-GRAND ($950.01 & OVER)EXCPT,GUNS,FOWL,LIVESTK,PROD0036",RESTAURANT/FAST FOOD,"STRONG-ARM (HANDS, FIST, FEET OR BODILY FORCE)"
356,1900,Olympic,VEHICLE - STOLEN,STREET,
357,1700,Mission,VEHICLE - STOLEN,PARKING LOT,
358,1000,Mission,VEHICLE - STOLEN,STREET,
359,1700,Olympic,VEHICLE - STOLEN,STREET,
360,2010,Central,BURGLARY,TOBACCO SHOP,
361,1500,Central,OTHER MISCELLANEOUS CRIME,STREET,
362,730,Central,CHILD ANNOYING (17YRS & UNDER),BUS STOP,VERBAL THREAT
363,1120,Central,THEFT PLAIN - PETTY ($950 & UNDER),OTHER BUSINESS,
364,1450,Central,BURGLARY FROM VEHICLE,STREET,
365,2245,Central,BATTERY POLICE (SIMPLE),OTHER BUSINESS,"STRONG-ARM (HANDS, FIST, FEET OR BODILY FORCE)"
366,1615,Central,ATTEMPTED ROBBERY,SIDEWALK,OTHER KNIFE
367,2300,Central,VANDALISM - MISDEAMEANOR ($399 OR UNDER),"VEHICLE, PASSENGER/TRUCK",
368,1930,Central,"VANDALISM - FELONY ($400 & OVER, ALL CHURCH VANDALISMS) 0114","VEHICLE, PASSENGER/TRUCK",
369,1505,Central,RESISTING ARREST,SIDEWALK,"STRONG-ARM (HANDS, FIST, FEET OR BODILY FORCE)"
370,2100,Central,INTIMATE PARTNER - SIMPLE ASSAULT,SINGLE FAMILY DWELLING,"STRONG-ARM (HANDS, FIST, FEET OR BODILY FORCE)"
371,2045,Central,INTIMATE PARTNER - SIMPLE ASSAULT,STREET,"STRONG-ARM (HANDS, FIST, FEET OR BODILY FORCE)"
372,2010,Central,BATTERY - SIMPLE ASSAULT,SIDEWALK,"STRONG-ARM (HANDS, FIST, FEET OR BODILY FORCE)"
373,1330,Central,INTIMATE PARTNER - SIMPLE ASSAULT,SIDEWALK,"STRONG-ARM (HANDS, FIST, FEET OR BODILY FORCE)"
374,1800,Central,BATTERY - SIMPLE ASSAULT,"MULTI-UNIT DWELLING (APARTMENT, DUPLEX, ETC)","STRONG-ARM (HANDS, FIST, FEET OR BODILY FORCE)"
375,1325,Central,BRANDISH WEAPON,SIDEWALK,UNKNOWN WEAPON/OTHER WEAPON
376,1325,Central,BRANDISH WEAPON,SIDEWALK,UNKNOWN WEAPON/OTHER WEAPON
377,2300,Central,"RAPE, FORCIBLE","MULTI-UNIT DWELLING (APARTMENT, DUPLEX, ETC)","STRONG-ARM (HANDS, FIST, FEET OR BODILY FORCE)"
378,250,Central,VANDALISM - MISDEAMEANOR ($399 OR UNDER),BUS STOP,
379,1545,Central,"VANDALISM - FELONY ($400 & OVER, ALL CHURCH VANDALISMS) 0114","VEHICLE, PASSENGER/TRUCK",
380,1400,West Valley,VEHICLE - STOLEN,PARKING LOT,
381,1405,Central,BURGLARY FROM VEHICLE,PARKING LOT,
382,1010,Central,"ASSAULT WITH DEADLY WEAPON, AGGRAVATED ASSAULT",SIDEWALK,UNKNOWN WEAPON/OTHER WEAPON
383,1445,Central,"ASSAULT WITH DEADLY WEAPON, AGGRAVATED ASSAULT",SWAP MEET,PIPE/METAL PIPE
384,1900,Central,"ASSAULT WITH DEADLY WEAPON, AGGRAVATED ASSAULT",SIDEWALK,OTHER CUTTING INSTRUMENT
385,1930,Central,VANDALISM - MISDEAMEANOR ($399 OR UNDER),PARKING LOT,
386,1545,Central,SHOPLIFTING - PETTY THEFT ($950 & UNDER),DEPARTMENT STORE,
387,1630,Central,INTIMATE PARTNER - AGGRAVATED ASSAULT,SIDEWALK,"STRONG-ARM (HANDS, FIST, FEET OR BODILY FORCE)"
388,2320,West Valley,VEHICLE - STOLEN,STREET,
389,1300,Topanga,VEHICLE - STOLEN,STREET,
390,1810,West Valley,VEHICLE - STOLEN,STREET,
391,2130,Northeast,VEHICLE - STOLEN,STREET,
392,1800,Northeast,VEHICLE - STOLEN,DRIVEWAY,
393,2300,Northeast,VEHICLE - STOLEN,STREET,
394,1330,Northeast,BURGLARY,SINGLE FAMILY DWELLING,
395,1100,Northeast,CRUELTY TO ANIMALS,STREET,
396,1730,Northeast,VEHICLE - STOLEN,PARKING LOT,
397,2300,77th Street,VEHICLE - STOLEN,STREET,
398,1900,77th Street,VEHICLE - STOLEN,STREET,
399,1700,77th Street,VEHICLE - STOLEN,STREET,
400,1555,Central,"VANDALISM - FELONY ($400 & OVER, ALL CHURCH VANDALISMS) 0114",STREET,
401,1550,Southeast,VEHICLE - STOLEN,STREET,
402,1800,Southeast,VEHICLE - STOLEN,STREET,
403,1100,Southeast,VEHICLE - STOLEN,STREET,
404,2230,Mission,VEHICLE - STOLEN,STREET,
405,2200,Central,"VANDALISM - FELONY ($400 & OVER, ALL CHURCH VANDALISMS) 0114",SIDEWALK,
406,2300,Topanga,VEHICLE - STOLEN,STREET,
407,2355,Central,INTIMATE PARTNER - AGGRAVATED ASSAULT,NIGHT CLUB (OPEN EVENINGS ONLY),BOTTLE
408,1500,Central,THEFT PLAIN - PETTY ($950 & UNDER),MINI-MART,
409,2010,Central,SHOPLIFTING - PETTY THEFT ($950 & UNDER),MARKET,
410,1030,Central,"ASSAULT WITH DEADLY WEAPON, AGGRAVATED ASSAULT",SIDEWALK,"STRONG-ARM (HANDS, FIST, FEET OR BODILY FORCE)"
411,1340,Central,SEXUAL PENTRATION WITH A FOREIGN OBJECT,SIDEWALK,"STRONG-ARM (HANDS, FIST, FEET OR BODILY FORCE)"
412,2320,Central,"ASSAULT WITH DEADLY WEAPON, AGGRAVATED ASSAULT",SIDEWALK,BELT FLAILING INSTRUMENT/CHAIN
413,1500,Newton,VEHICLE - STOLEN,STREET,
414,2130,West Valley,VEHICLE - STOLEN,STREET,
415,2320,Central,BATTERY - SIMPLE ASSAULT,SIDEWALK,UNKNOWN WEAPON/OTHER WEAPON
416,2040,Northeast,VEHICLE - STOLEN,STREET,
417,2245,Central,BATTERY - SIMPLE ASSAULT,"MULTI-UNIT DWELLING (APARTMENT, DUPLEX, ETC)","STRONG-ARM (HANDS, FIST, FEET OR BODILY FORCE)"
418,2030,Central,"ASSAULT WITH DEADLY WEAPON, AGGRAVATED ASSAULT","MULTI-UNIT DWELLING (APARTMENT, DUPLEX, ETC)",UNKNOWN FIREARM
419,400,Central,VANDALISM - MISDEAMEANOR ($399 OR UNDER),OTHER BUSINESS,
420,2000,77th Street,VEHICLE - STOLEN,PARKING LOT,
421,2000,77th Street,VEHICLE - STOLEN,STREET,
422,2120,77th Street,VEHICLE - STOLEN,STREET,
423,1830,West Valley,VEHICLE - STOLEN,PARKING LOT,
424,2220,Central,"VANDALISM - FELONY ($400 & OVER, ALL CHURCH VANDALISMS) 0114","MULTI-UNIT DWELLING (APARTMENT, DUPLEX, ETC)",
425,1800,77th Street,VEHICLE - STOLEN,STREET,
426,2000,Newton,VEHICLE - STOLEN,STREET,
427,2130,77th Street,VEHICLE - STOLEN,STREET,
428,2100,77th Street,VEHICLE - STOLEN,STREET,
429,2200,77th Street,VEHICLE - STOLEN,STREET,
430,2200,77th Street,VEHICLE - STOLEN,STREET,
431,1800,Central,"ASSAULT WITH DEADLY WEAPON, AGGRAVATED ASSAULT",SIDEWALK,UNKNOWN WEAPON/OTHER WEAPON
432,1730,77th Street,VEHICLE - STOLEN,STREET,
433,2315,Central,VANDALISM - MISDEAMEANOR ($399 OR UNDER),"VEHICLE, PASSENGER/TRUCK",
434,2200,Newton,BURGLARY,STORAGE SHED,
435,1900,Newton,VEHICLE - STOLEN,PARKING LOT,
436,100,Central,BURGLARY FROM VEHICLE,GARAGE/CARPORT,
437,1750,Newton,VEHICLE - STOLEN,STREET,
438,1200,Newton,VEHICLE - STOLEN,STREET,
439,1445,Central,THEFT PLAIN - PETTY ($950 & UNDER),SIDEWALK,
440,2300,Newton,VEHICLE - STOLEN,STREET,
441,1000,Newton,VEHICLE - STOLEN,STREET,
442,1700,Newton,VEHICLE - STOLEN,STREET,
443,1100,Newton,VEHICLE - STOLEN,STREET,
444,1430,Newton,VEHICLE - STOLEN,STREET,
445,1600,Newton,VEHICLE - STOLEN,STREET,
446,1300,Newton,VEHICLE - STOLEN,STREET,
447,1,Central,SEXUAL PENTRATION WITH A FOREIGN OBJECT,"MULTI-UNIT DWELLING (APARTMENT, DUPLEX, ETC)",
448,1620,Newton,VEHICLE - STOLEN,STREET,
449,1100,Newton,BURGLARY FROM VEHICLE,STREET,
450,1500,Newton,VEHICLE - STOLEN,STREET,
451,1200,Newton,VEHICLE - STOLEN,STREET,
452,1000,Newton,THEFT OF IDENTITY,OTHER/OUTSIDE,
453,1545,Newton,ARSON,HIGH SCHOOL,
454,1415,Newton,VEHICLE - STOLEN,PARKING LOT,
455,1700,Newton,BURGLARY,SIDEWALK,
456,2200,Newton,BURGLARY FROM VEHICLE,STREET,
457,926,Central,"THEFT-GRAND ($950.01 & OVER)EXCPT,GUNS,FOWL,LIVESTK,PROD0036",HOTEL,
458,2115,Pacific,"THEFT, PERSON",STREET,
459,2235,Pacific,"BURGLARY, ATTEMPTED",OTHER PREMISE,
460,2150,Pacific,VEHICLE - STOLEN,STREET,
461,1100,Pacific,VEHICLE - STOLEN,STREET,
462,1300,Pacific,BURGLARY,SINGLE FAMILY DWELLING,
463,1515,Pacific,TRESPASSING,OTHER PREMISE,
464,2100,Pacific,VEHICLE - STOLEN,STREET,
465,600,Central,INTIMATE PARTNER - SIMPLE ASSAULT,SINGLE FAMILY DWELLING,"STRONG-ARM (HANDS, FIST, FEET OR BODILY FORCE)"
466,2130,Pacific,VEHICLE - STOLEN,STREET,
467,2100,Pacific,VEHICLE - STOLEN,STREET,
468,2130,Pacific,VEHICLE - STOLEN,STREET,
469,1800,77th Street,VEHICLE - STOLEN,PARKING LOT,
470,1945,Pacific,THEFT PLAIN - PETTY ($950 & UNDER),MARKET,
471,1000,Pacific,BURGLARY FROM VEHICLE,PARKING LOT,
472,1730,Pacific,VEHICLE - STOLEN,PARKING LOT,
473,2200,Pacific,VEHICLE - STOLEN,STREET,
474,1830,Central,BATTERY - SIMPLE ASSAULT,STREET,UNKNOWN WEAPON/OTHER WEAPON
475,1130,N Hollywood,VEHICLE - STOLEN,STREET,
476,2145,N Hollywood,VEHICLE - STOLEN,STREET,
477,2255,Central,INTIMATE PARTNER - SIMPLE ASSAULT,SIDEWALK,UNKNOWN WEAPON/OTHER WEAPON
478,2100,Foothill,VEHICLE - STOLEN,STREET,
479,1800,Foothill,VEHICLE - STOLEN,STREET,
480,2025,Central,INTIMATE PARTNER - SIMPLE ASSAULT,"MULTI-UNIT DWELLING (APARTMENT, DUPLEX, ETC)","STRONG-ARM (HANDS, FIST, FEET OR BODILY FORCE)"
481,1355,Devonshire,VEHICLE - STOLEN,STREET,
482,1230,Devonshire,"THEFT, PERSON",STREET,
483,1830,Devonshire,VEHICLE - STOLEN,ALLEY,
484,1255,Devonshire,VEHICLE - STOLEN,PARKING LOT,
485,1045,Southeast,VEHICLE - STOLEN,STREET,
486,1900,Southeast,VEHICLE - STOLEN,STREET,
487,1830,Mission,BURGLARY,PUBLIC STORAGE,
488,1130,Mission,VEHICLE - STOLEN,PARKING LOT,
489,1600,Mission,VEHICLE - STOLEN,STREET,
490,1330,Mission,THEFT FROM MOTOR VEHICLE - PETTY ($950 & UNDER),STREET,
491,1400,Mission,BURGLARY,PUBLIC STORAGE,
492,1600,Mission,VEHICLE - STOLEN,DRIVEWAY,
493,1700,Mission,VEHICLE - STOLEN,STREET,
494,1700,Mission,VEHICLE - STOLEN,PARKING LOT,
495,1300,Mission,VEHICLE - STOLEN,STREET,
496,1500,Mission,VEHICLE - STOLEN,STREET,
497,1900,Mission,VEHICLE - STOLEN,STREET,
498,2245,Mission,BURGLARY,RESTAURANT/FAST FOOD,
499,1400,Mission,VEHICLE - STOLEN,STREET,
